{
  "version": 1,
  "author": "Anonymous maker",
  "editor": "wokwi",
  "parts": [
    { "type": "wokwi-breadboard", "id": "bb1", "top": -89.4, "left": -160.4, "attrs": {} },
    {
      "type": "wokwi-pi-pico",
      "id": "pico",
      "top": -85.5,
      "left": -86.65,
      "rotate": 270,
      "attrs": { "env": "micropython-20220618-v1.19.1" }
    },
    {
      "type": "wokwi-led",
      "id": "led1",
      "top": -3.6,
      "left": 109.4,
      "attrs": { "color": "yellow" }
    },
    {
      "type": "wokwi-resistor",
      "id": "r1",
      "top": 70.6,
      "left": 95.15,
      "rotate": 270,
      "attrs": { "value": "220" }
    },
    {
      "type": "wokwi-led",
      "id": "led2",
      "top": -3.6,
      "left": 138.2,
      "attrs": { "color": "green" }
    },
    {
      "type": "wokwi-resistor",
      "id": "r2",
      "top": 70.6,
      "left": 123.95,
      "rotate": 270,
      "attrs": { "value": "220" }
    },
    { "type": "wokwi-led", "id": "led3", "top": -3.6, "left": 167, "attrs": { "color": "blue" } },
    {
      "type": "wokwi-resistor",
      "id": "r3",
      "top": 70.6,
      "left": 152.75,
      "rotate": 270,
      "attrs": { "value": "220" }
    },
    {
      "type": "wokwi-led",
      "id": "led4",
      "top": -3.6,
      "left": 195.8,
      "attrs": { "color": "magenta" }
    },
    {
      "type": "wokwi-resistor",
      "id": "r4",
      "top": 70.6,
      "left": 181.55,
      "rotate": 270,
      "attrs": { "value": "220" }
    },
    {
      "type": "wokwi-pushbutton",
      "id": "btn1",
      "top": 140.6,
      "left": -86.4,
      "attrs": { "color": "green", "bounce": "0" }
    },
    {
      "type": "wokwi-pushbutton",
      "id": "btn2",
      "top": 140.6,
      "left": -163.2,
      "attrs": { "color": "green", "bounce": "0" }
    },
    {
      "type": "wokwi-resistor",
      "id": "r5",
      "top": 70.6,
      "left": 210.35,
      "rotate": 270,
      "attrs": { "value": "220" }
    },
    {
      "type": "wokwi-led",
      "id": "led5",
      "top": -3.6,
      "left": 224.6,
      "attrs": { "color": "cyan" }
    },
    { "type": "wokwi-potentiometer", "id": "pot1", "top": -106.9, "left": 143.8, "attrs": {} }
  ],
  "connections": [
    [ "bb1:3b.j", "bb1:bn.1", "black", [ "v0" ] ],
    [ "bb1:9b.j", "bb1:29b.j", "gold", [ "v59.98", "h193.01" ] ],
    [ "bb1:10b.j", "bb1:32b.j", "green", [ "v65.98", "h212.87" ] ],
    [ "bb1:11b.j", "bb1:35b.j", "blue", [ "v73.07", "h229.46" ] ],
    [ "bb1:12b.j", "bb1:38b.j", "magenta", [ "v80.71", "h252.04" ] ],
    [ "pico:GP0", "bb1:1b.h", "", [ "$bb" ] ],
    [ "pico:GP1", "bb1:2b.h", "", [ "$bb" ] ],
    [ "pico:GND.1", "bb1:3b.h", "", [ "$bb" ] ],
    [ "pico:GP2", "bb1:4b.h", "", [ "$bb" ] ],
    [ "pico:GP3", "bb1:5b.h", "", [ "$bb" ] ],
    [ "pico:GP4", "bb1:6b.h", "", [ "$bb" ] ],
    [ "pico:GP5", "bb1:7b.h", "", [ "$bb" ] ],
    [ "pico:GND.2", "bb1:8b.h", "", [ "$bb" ] ],
    [ "pico:GP6", "bb1:9b.h", "", [ "$bb" ] ],
    [ "pico:GP7", "bb1:10b.h", "", [ "$bb" ] ],
    [ "pico:GP8", "bb1:11b.h", "", [ "$bb" ] ],
    [ "pico:GP9", "bb1:12b.h", "", [ "$bb" ] ],
    [ "pico:GND.3", "bb1:13b.h", "", [ "$bb" ] ],
    [ "pico:GP10", "bb1:14b.h", "", [ "$bb" ] ],
    [ "pico:GP11", "bb1:15b.h", "", [ "$bb" ] ],
    [ "pico:GP12", "bb1:16b.h", "", [ "$bb" ] ],
    [ "pico:GP13", "bb1:17b.h", "", [ "$bb" ] ],
    [ "pico:GND.4", "bb1:18b.h", "", [ "$bb" ] ],
    [ "pico:GP14", "bb1:19b.h", "", [ "$bb" ] ],
    [ "pico:GP15", "bb1:20b.h", "", [ "$bb" ] ],
    [ "pico:GP16", "bb1:20t.c", "", [ "$bb" ] ],
    [ "pico:GP17", "bb1:19t.c", "", [ "$bb" ] ],
    [ "pico:GND.5", "bb1:18t.c", "", [ "$bb" ] ],
    [ "pico:GP18", "bb1:17t.c", "", [ "$bb" ] ],
    [ "pico:GP19", "bb1:16t.c", "", [ "$bb" ] ],
    [ "pico:GP20", "bb1:15t.c", "", [ "$bb" ] ],
    [ "pico:GP21", "bb1:14t.c", "", [ "$bb" ] ],
    [ "pico:GND.6", "bb1:13t.c", "", [ "$bb" ] ],
    [ "pico:GP22", "bb1:12t.c", "", [ "$bb" ] ],
    [ "pico:RUN", "bb1:11t.c", "", [ "$bb" ] ],
    [ "pico:GP26", "bb1:10t.c", "", [ "$bb" ] ],
    [ "pico:GP27", "bb1:9t.c", "", [ "$bb" ] ],
    [ "pico:GND.7", "bb1:8t.c", "", [ "$bb" ] ],
    [ "pico:GP28", "bb1:7t.c", "", [ "$bb" ] ],
    [ "pico:ADC_VREF", "bb1:6t.c", "", [ "$bb" ] ],
    [ "pico:3V3", "bb1:5t.c", "", [ "$bb" ] ],
    [ "pico:3V3_EN", "bb1:4t.c", "", [ "$bb" ] ],
    [ "pico:GND.8", "bb1:3t.c", "", [ "$bb" ] ],
    [ "pico:VSYS", "bb1:2t.c", "", [ "$bb" ] ],
    [ "pico:VBUS", "bb1:1t.c", "", [ "$bb" ] ],
    [ "led1:A", "bb1:29b.g", "", [ "$bb" ] ],
    [ "led1:C", "bb1:28b.g", "", [ "$bb" ] ],
    [ "r1:1", "bb1:bn.22", "", [ "$bb" ] ],
    [ "r1:2", "bb1:28b.h", "", [ "$bb" ] ],
    [ "led2:A", "bb1:32b.g", "", [ "$bb" ] ],
    [ "led2:C", "bb1:31b.g", "", [ "$bb" ] ],
    [ "r2:1", "bb1:bn.25", "", [ "$bb" ] ],
    [ "r2:2", "bb1:31b.h", "", [ "$bb" ] ],
    [ "led3:A", "bb1:35b.g", "", [ "$bb" ] ],
    [ "led3:C", "bb1:34b.g", "", [ "$bb" ] ],
    [ "r3:1", "bb1:bn.27", "", [ "$bb" ] ],
    [ "r3:2", "bb1:34b.h", "", [ "$bb" ] ],
    [ "btn1:2.l", "bb1:6b.j", "green", [ "h0" ] ],
    [ "bb1:bn.11", "btn1:1.r", "black", [ "v0" ] ],
    [ "btn2:1.r", "bb1:bn.12", "black", [ "v57.6", "h96.2" ] ],
    [ "btn2:2.l", "bb1:5b.j", "green", [ "h-9.6", "v-47.8", "h67.2" ] ],
    [ "r4:1", "bb1:bn.30", "", [ "$bb" ] ],
    [ "r4:2", "bb1:37b.h", "", [ "$bb" ] ],
    [ "led4:A", "bb1:38b.g", "", [ "$bb" ] ],
    [ "led4:C", "bb1:37b.g", "", [ "$bb" ] ],
    [ "led5:A", "bb1:41b.g", "", [ "$bb" ] ],
    [ "led5:C", "bb1:40b.g", "", [ "$bb" ] ],
    [ "r5:1", "bb1:bn.32", "", [ "$bb" ] ],
    [ "r5:2", "bb1:40b.h", "", [ "$bb" ] ],
    [ "bb1:14b.j", "bb1:41b.j", "red", [ "v86.4", "h259.2" ] ],
    [ "bb1:10t.a", "pot1:SIG", "green", [ "v-19.2", "h86.4" ] ],
    [ "pot1:GND", "bb1:33t.a", "", [ "$bb" ] ],
    [ "pot1:SIG", "bb1:34t.a", "", [ "$bb" ] ],
    [ "pot1:VCC", "bb1:35t.a", "", [ "$bb" ] ]
  ],
  "dependencies": {}
}